,Region, Date, Estimated Unemployment Rate (%), Estimated Employed, Estimated Labour Participation Rate (%),Area,month
0,Andhra Pradesh,2019-05-31,3.65,11999139.0,43.24,Rural,05-19
373,Andhra Pradesh,2019-05-31,6.09,4788661.0,37.45,Urban,05-19
1,Andhra Pradesh,2019-06-30,3.05,11755881.0,42.05,Rural,06-19
374,Andhra Pradesh,2019-06-30,3.8,4824630.0,36.76,Urban,06-19
2,Andhra Pradesh,2019-07-31,3.75,12086707.0,43.5,Rural,07-19
375,Andhra Pradesh,2019-07-31,5.64,4657443.0,36.1,Urban,07-19
3,Andhra Pradesh,2019-08-31,3.32,12285693.0,43.97,Rural,08-19
376,Andhra Pradesh,2019-08-31,4.61,4743179.0,36.29,Urban,08-19
4,Andhra Pradesh,2019-09-30,5.17,12256762.0,44.68,Rural,09-19
377,Andhra Pradesh,2019-09-30,6.01,4733996.0,36.69,Urban,09-19
5,Andhra Pradesh,2019-10-31,3.52,12017412.0,43.01,Rural,10-19
378,Andhra Pradesh,2019-10-31,4.7,4774377.0,36.41,Urban,10-19
6,Andhra Pradesh,2019-11-30,4.12,11397681.0,41.0,Rural,11-19
379,Andhra Pradesh,2019-11-30,7.54,4668772.0,36.62,Urban,11-19
7,Andhra Pradesh,2019-12-31,4.38,12528395.0,45.14,Rural,12-19
380,Andhra Pradesh,2019-12-31,7.88,4913963.0,38.61,Urban,12-19
8,Andhra Pradesh,2020-01-31,4.84,12016676.0,43.46,Rural,01-20
381,Andhra Pradesh,2020-01-31,7.11,4618860.0,35.91,Urban,01-20
9,Andhra Pradesh,2020-02-29,5.91,11723617.0,42.83,Rural,02-20
382,Andhra Pradesh,2020-02-29,5.66,4822035.0,36.84,Urban,02-20
10,Andhra Pradesh,2020-03-31,4.06,11359660.0,40.66,Rural,03-20
383,Andhra Pradesh,2020-03-31,9.88,4521537.0,36.08,Urban,03-20
11,Andhra Pradesh,2020-04-30,16.29,8792827.0,36.03,Rural,04-20
384,Andhra Pradesh,2020-04-30,32.3,2544084.0,26.97,Urban,04-20
12,Andhra Pradesh,2020-05-31,14.46,9526902.0,38.16,Rural,05-20
385,Andhra Pradesh,2020-05-31,24.91,3428356.0,32.69,Urban,05-20
13,Andhra Pradesh,2020-06-30,0.85,15572975.0,53.76,Rural,06-20
386,Andhra Pradesh,2020-06-30,5.86,4954389.0,37.61,Urban,06-20
14,Assam,2019-05-31,4.29,11749334.0,57.39,Rural,05-19
387,Assam,2019-05-31,7.87,1671707.0,44.92,Urban,05-19
15,Assam,2019-06-30,5.08,8923222.0,43.87,Rural,06-19
388,Assam,2019-06-30,9.89,1647342.0,45.17,Urban,06-19
16,Assam,2019-07-31,4.26,9911534.0,48.21,Rural,07-19
389,Assam,2019-07-31,3.21,1739838.0,44.32,Urban,07-19
17,Assam,2019-08-31,5.79,9292039.0,45.83,Rural,08-19
390,Assam,2019-08-31,10.39,1595582.0,43.81,Urban,08-19
18,Assam,2019-09-30,4.46,11468349.0,55.67,Rural,09-19
391,Assam,2019-09-30,9.26,1576480.0,42.66,Urban,09-19
19,Assam,2019-10-31,4.65,8395906.0,40.76,Rural,10-19
392,Assam,2019-10-31,11.17,1595176.0,44.01,Urban,10-19
20,Assam,2019-11-30,4.66,9625362.0,46.64,Rural,11-19
393,Assam,2019-11-30,6.31,1708045.0,44.59,Urban,11-19
394,Assam,2019-12-31,5.02,1722303.0,44.26,Urban,12-19
21,Assam,2020-01-31,4.29,11420996.0,54.9,Rural,01-20
395,Assam,2020-01-31,7.24,1630908.0,42.82,Urban,01-20
22,Assam,2020-02-29,3.26,8462814.0,40.17,Rural,02-20
396,Assam,2020-02-29,9.98,1625454.0,43.9,Urban,02-20
23,Assam,2020-03-31,3.77,9878742.0,47.05,Rural,03-20
397,Assam,2020-03-31,10.34,1664145.0,45.03,Urban,03-20
398,Assam,2020-04-30,8.37,1454956.0,38.45,Urban,04-20
24,Assam,2020-05-31,9.38,9926176.0,50.0,Rural,05-20
399,Assam,2020-05-31,10.77,1441722.0,39.04,Urban,05-20
25,Assam,2020-06-30,0.0,7544937.0,34.38,Rural,06-20
400,Assam,2020-06-30,3.42,1551007.0,38.73,Urban,06-20
26,Bihar,2019-05-31,9.27,24322330.0,39.75,Rural,05-19
401,Bihar,2019-05-31,19.9,3029344.0,39.8,Urban,05-19
27,Bihar,2019-06-30,10.2,24097712.0,39.71,Rural,06-19
402,Bihar,2019-06-30,13.29,3248864.0,39.35,Urban,06-19
28,Bihar,2019-07-31,13.44,23248875.0,39.66,Rural,07-19
403,Bihar,2019-07-31,16.41,3059744.0,38.36,Urban,07-19
29,Bihar,2019-08-31,11.0,22260203.0,36.85,Rural,08-19
404,Bihar,2019-08-31,17.66,2994763.0,38.03,Urban,08-19
30,Bihar,2019-09-30,8.87,23905700.0,38.57,Rural,09-19
405,Bihar,2019-09-30,20.46,2992082.0,39.25,Urban,09-19
31,Bihar,2019-10-31,12.47,24053140.0,40.31,Rural,10-19
406,Bihar,2019-10-31,14.06,3173429.0,38.45,Urban,10-19
32,Bihar,2019-11-30,12.4,22445989.0,37.51,Rural,11-19
407,Bihar,2019-11-30,17.62,3081077.0,38.86,Urban,11-19
33,Bihar,2019-12-31,10.16,22914530.0,37.25,Rural,12-19
408,Bihar,2019-12-31,14.91,2977857.0,36.29,Urban,12-19
34,Bihar,2020-01-31,9.13,23409006.0,37.54,Rural,01-20
409,Bihar,2020-01-31,20.69,2988665.0,38.99,Urban,01-20
35,Bihar,2020-02-29,9.61,23168192.0,37.28,Rural,02-20
410,Bihar,2020-02-29,15.11,3113464.0,37.87,Urban,02-20
36,Bihar,2020-03-31,15.39,22667882.0,38.88,Rural,03-20
411,Bihar,2020-03-31,15.73,3049637.0,37.29,Urban,03-20
37,Bihar,2020-04-30,45.09,14645275.0,38.63,Rural,04-20
412,Bihar,2020-04-30,58.77,1400962.0,34.94,Urban,04-20
38,Bihar,2020-05-31,47.26,14050319.0,38.5,Rural,05-20
413,Bihar,2020-05-31,37.87,2207026.0,36.45,Urban,05-20
39,Bihar,2020-06-30,20.49,20622566.0,37.4,Rural,06-20
414,Bihar,2020-06-30,12.45,3124663.0,36.54,Urban,06-20
415,Chandigarh,2019-05-31,18.35,348042.0,44.89,Urban,05-19
416,Chandigarh,2019-06-30,12.4,337145.0,40.44,Urban,06-19
417,Chandigarh,2019-07-31,21.8,294379.0,39.47,Urban,07-19
418,Chandigarh,2019-08-31,9.52,328282.0,37.95,Urban,08-19
419,Chandigarh,2019-09-30,20.14,327239.0,42.77,Urban,09-19
420,Chandigarh,2019-10-31,13.99,330856.0,40.06,Urban,10-19
421,Chandigarh,2019-11-30,22.05,289593.0,38.6,Urban,11-19
422,Chandigarh,2019-12-31,8.33,311146.0,35.19,Urban,12-19
423,Chandigarh,2020-01-31,20.0,332062.0,42.94,Urban,01-20
424,Chandigarh,2020-02-29,16.67,316887.0,39.25,Urban,02-20
425,Chandigarh,2020-03-31,21.43,279839.0,36.68,Urban,03-20
426,Chandigarh,2020-06-30,7.22,306505.0,33.8,Urban,06-20
40,Chhattisgarh,2019-05-31,9.82,6259019.0,42.89,Rural,05-19
427,Chhattisgarh,2019-05-31,9.77,2223129.0,45.61,Urban,05-19
41,Chhattisgarh,2019-06-30,6.76,6608626.0,43.71,Rural,06-19
428,Chhattisgarh,2019-06-30,11.77,2192020.0,45.88,Urban,06-19
42,Chhattisgarh,2019-07-31,4.54,6753622.0,43.53,Rural,07-19
429,Chhattisgarh,2019-07-31,8.17,2285436.0,45.85,Urban,07-19
43,Chhattisgarh,2019-08-31,4.64,6607694.0,42.55,Rural,08-19
430,Chhattisgarh,2019-08-31,6.29,2392400.0,46.91,Urban,08-19
44,Chhattisgarh,2019-09-30,8.33,6490776.0,43.38,Rural,09-19
431,Chhattisgarh,2019-09-30,9.46,2311507.0,46.8,Urban,09-19
45,Chhattisgarh,2019-10-31,6.96,7043840.0,46.28,Rural,10-19
432,Chhattisgarh,2019-10-31,10.27,2297096.0,46.82,Urban,10-19
46,Chhattisgarh,2019-11-30,2.77,6942931.0,43.56,Rural,11-19
433,Chhattisgarh,2019-11-30,8.32,2341284.0,46.59,Urban,11-19
47,Chhattisgarh,2019-12-31,6.11,6569385.0,42.59,Rural,12-19
434,Chhattisgarh,2019-12-31,3.57,2415436.0,45.59,Urban,12-19
48,Chhattisgarh,2020-01-31,9.89,6236201.0,42.03,Rural,01-20
435,Chhattisgarh,2020-01-31,9.01,2315972.0,46.21,Urban,01-20
49,Chhattisgarh,2020-02-29,7.89,6847173.0,45.05,Rural,02-20
436,Chhattisgarh,2020-02-29,9.79,2347941.0,47.14,Urban,02-20
50,Chhattisgarh,2020-03-31,7.31,6894808.0,44.98,Rural,03-20
437,Chhattisgarh,2020-03-31,8.21,2407509.0,47.39,Urban,03-20
51,Chhattisgarh,2020-04-30,0.0,6534321.0,39.43,Rural,04-20
438,Chhattisgarh,2020-04-30,20.13,1066126.0,24.06,Urban,04-20
52,Chhattisgarh,2020-05-31,7.64,5454091.0,35.56,Rural,05-20
439,Chhattisgarh,2020-05-31,24.1,1276291.0,30.24,Urban,05-20
53,Chhattisgarh,2020-06-30,10.14,5781095.0,38.66,Rural,06-20
440,Chhattisgarh,2020-06-30,27.07,1602231.0,39.41,Urban,06-20
54,Delhi,2019-05-31,12.56,169487.0,42.33,Rural,05-19
441,Delhi,2019-05-31,12.31,5756475.0,44.17,Urban,05-19
55,Delhi,2019-06-30,9.33,149076.0,35.74,Rural,06-19
442,Delhi,2019-06-30,12.76,5550172.0,42.71,Urban,06-19
56,Delhi,2019-07-31,11.07,166605.0,40.53,Rural,07-19
443,Delhi,2019-07-31,14.68,5393091.0,42.34,Urban,07-19
57,Delhi,2019-08-31,17.18,135407.0,35.21,Rural,08-19
444,Delhi,2019-08-31,13.52,5552510.0,42.9,Urban,08-19
58,Delhi,2019-09-30,12.5,166056.0,40.68,Rural,09-19
445,Delhi,2019-09-30,20.59,5642253.0,47.36,Urban,09-19
59,Delhi,2019-10-31,15.84,149511.0,37.9,Rural,10-19
446,Delhi,2019-10-31,12.41,6030363.0,45.78,Urban,10-19
60,Delhi,2019-11-30,11.11,178768.0,42.71,Rural,11-19
447,Delhi,2019-11-30,16.11,5439600.0,43.02,Urban,11-19
61,Delhi,2019-12-31,16.97,145671.0,37.08,Rural,12-19
448,Delhi,2019-12-31,11.07,5718337.0,42.56,Urban,12-19
62,Delhi,2020-01-31,13.48,157791.0,38.36,Rural,01-20
449,Delhi,2020-01-31,22.45,5647493.0,48.09,Urban,01-20
63,Delhi,2020-02-29,13.81,147500.0,35.84,Rural,02-20
450,Delhi,2020-02-29,14.86,5708807.0,44.18,Urban,02-20
64,Delhi,2020-03-31,15.18,152413.0,37.45,Rural,03-20
451,Delhi,2020-03-31,17.09,5401392.0,42.82,Urban,03-20
65,Delhi,2020-04-30,20.69,115487.0,30.21,Rural,04-20
452,Delhi,2020-04-30,16.51,3003787.0,23.59,Urban,04-20
66,Delhi,2020-05-31,22.76,129610.0,34.65,Rural,05-20
453,Delhi,2020-05-31,45.78,2343783.0,28.28,Urban,05-20
67,Delhi,2020-06-30,21.14,112108.0,29.22,Rural,06-20
454,Delhi,2020-06-30,18.11,4306807.0,34.32,Urban,06-20
68,Goa,2019-05-31,2.91,179340.0,39.16,Rural,05-19
455,Goa,2019-05-31,2.75,264855.0,34.17,Urban,05-19
69,Goa,2019-06-30,5.45,170471.0,38.19,Rural,06-19
456,Goa,2019-06-30,13.33,304015.0,43.96,Urban,06-19
70,Goa,2019-07-31,10.98,167437.0,39.81,Rural,07-19
457,Goa,2019-07-31,12.28,280367.0,40.0,Urban,07-19
71,Goa,2019-08-31,1.98,183603.0,39.61,Rural,08-19
458,Goa,2019-08-31,4.9,243277.0,31.97,Urban,08-19
72,Goa,2019-09-30,3.61,163215.0,35.78,Rural,09-19
459,Goa,2019-09-30,3.16,309643.0,39.92,Urban,09-19
73,Goa,2019-10-31,7.21,177440.0,40.36,Rural,10-19
460,Goa,2019-10-31,12.31,290264.0,41.27,Urban,10-19
74,Goa,2019-11-30,23.71,159489.0,44.09,Rural,11-19
461,Goa,2019-11-30,25.2,271612.0,45.22,Urban,11-19
75,Goa,2019-12-31,3.54,177155.0,38.7,Rural,12-19
462,Goa,2019-12-31,16.22,288154.0,42.77,Urban,12-19
76,Goa,2020-01-31,5.38,158936.0,35.36,Rural,01-20
463,Goa,2020-01-31,10.92,257814.0,35.95,Urban,01-20
77,Goa,2020-02-29,0.0,171672.0,36.11,Rural,02-20
464,Goa,2020-02-29,4.31,306396.0,39.73,Urban,02-20
465,Goa,2020-03-31,4.76,277093.0,36.05,Urban,03-20
78,Goa,2020-04-30,15.91,181657.0,45.36,Rural,04-20
466,Goa,2020-04-30,11.76,318957.0,44.74,Urban,04-20
79,Goa,2020-05-31,20.0,128538.0,33.71,Rural,05-20
80,Gujarat,2019-05-31,2.88,13954728.0,52.03,Rural,05-19
467,Gujarat,2019-05-31,4.09,9686558.0,41.67,Urban,05-19
81,Gujarat,2019-06-30,4.77,13199281.0,50.12,Rural,06-19
468,Gujarat,2019-06-30,6.31,10144965.0,44.57,Urban,06-19
82,Gujarat,2019-07-31,4.58,14327083.0,54.21,Rural,07-19
469,Gujarat,2019-07-31,5.15,9828023.0,42.54,Urban,07-19
83,Gujarat,2019-08-31,3.7,13507342.0,50.57,Rural,08-19
470,Gujarat,2019-08-31,4.2,10228154.0,43.72,Urban,08-19
84,Gujarat,2019-09-30,6.29,13280783.0,51.01,Rural,09-19
471,Gujarat,2019-09-30,5.96,9609939.0,41.75,Urban,09-19
85,Gujarat,2019-10-31,4.91,13828512.0,52.27,Rural,10-19
472,Gujarat,2019-10-31,5.45,10474217.0,45.14,Urban,10-19
86,Gujarat,2019-11-30,4.68,14487815.0,54.55,Rural,11-19
473,Gujarat,2019-11-30,7.53,9896129.0,43.5,Urban,11-19
87,Gujarat,2019-12-31,3.46,13877825.0,51.51,Rural,12-19
474,Gujarat,2019-12-31,5.71,10172812.0,43.75,Urban,12-19
88,Gujarat,2020-01-31,5.35,14301844.0,54.07,Rural,01-20
475,Gujarat,2020-01-31,5.82,9824501.0,42.19,Urban,01-20
89,Gujarat,2020-02-29,6.64,13973042.0,53.48,Rural,02-20
476,Gujarat,2020-02-29,6.04,10784753.0,46.31,Urban,02-20
90,Gujarat,2020-03-31,7.59,13483615.0,52.06,Rural,03-20
477,Gujarat,2020-03-31,5.39,10083026.0,42.9,Urban,03-20
91,Gujarat,2020-04-30,12.0,8587594.0,34.77,Rural,04-20
478,Gujarat,2020-04-30,25.94,6701284.0,36.33,Urban,04-20
92,Gujarat,2020-05-31,14.58,11121124.0,46.31,Rural,05-20
479,Gujarat,2020-05-31,11.62,6072776.0,27.52,Urban,05-20
93,Gujarat,2020-06-30,1.41,13243922.0,47.72,Rural,06-20
480,Gujarat,2020-06-30,4.54,10574711.0,44.26,Urban,06-20
94,Haryana,2019-05-31,14.54,5249186.0,45.12,Rural,05-19
481,Haryana,2019-05-31,24.67,2693596.0,43.18,Urban,05-19
95,Haryana,2019-06-30,23.08,4745178.0,45.23,Rural,06-19
482,Haryana,2019-06-30,20.42,2845190.0,43.06,Urban,06-19
96,Haryana,2019-07-31,16.22,4826560.0,42.17,Rural,07-19
483,Haryana,2019-07-31,25.45,2405973.0,38.77,Urban,07-19
97,Haryana,2019-08-31,30.94,4558306.0,48.23,Rural,08-19
484,Haryana,2019-08-31,24.19,2523005.0,39.87,Urban,08-19
98,Haryana,2019-09-30,16.36,5127956.0,44.72,Rural,09-19
485,Haryana,2019-09-30,26.84,2675862.0,43.7,Urban,09-19
99,Haryana,2019-10-31,24.17,4798833.0,46.07,Rural,10-19
486,Haryana,2019-10-31,21.04,2821456.0,42.58,Urban,10-19
100,Haryana,2019-11-30,16.59,4875763.0,42.48,Rural,11-19
487,Haryana,2019-11-30,27.06,2404239.0,39.18,Urban,11-19
101,Haryana,2019-12-31,29.56,4603484.0,47.4,Rural,12-19
488,Haryana,2019-12-31,23.65,2548835.0,39.57,Urban,12-19
102,Haryana,2020-01-31,16.21,5062293.0,43.74,Rural,01-20
489,Haryana,2020-01-31,27.24,2630938.0,42.75,Urban,01-20
103,Haryana,2020-02-29,27.19,4570108.0,45.37,Rural,02-20
490,Haryana,2020-02-29,23.29,2752834.0,42.32,Urban,02-20
104,Haryana,2020-03-31,23.92,4366148.0,41.4,Rural,03-20
491,Haryana,2020-03-31,27.14,2275407.0,36.73,Urban,03-20
105,Haryana,2020-04-30,41.61,4041050.0,49.85,Rural,04-20
492,Haryana,2020-04-30,46.89,1606580.0,35.48,Urban,04-20
106,Haryana,2020-05-31,34.22,3914193.0,42.78,Rural,05-20
493,Haryana,2020-05-31,38.46,2013083.0,38.27,Urban,05-20
107,Haryana,2020-06-30,35.57,4357835.0,48.53,Rural,06-20
494,Haryana,2020-06-30,29.41,2304138.0,38.09,Urban,06-20
108,Himachal Pradesh,2019-05-31,13.68,2045760.0,44.23,Rural,05-19
495,Himachal Pradesh,2019-05-31,10.88,245668.0,45.27,Urban,05-19
109,Himachal Pradesh,2019-06-30,11.43,1957081.0,41.18,Rural,06-19
496,Himachal Pradesh,2019-06-30,21.43,237576.0,49.58,Urban,06-19
110,Himachal Pradesh,2019-07-31,20.59,1916824.0,44.91,Rural,07-19
497,Himachal Pradesh,2019-07-31,21.51,235894.0,49.22,Urban,07-19
111,Himachal Pradesh,2019-08-31,18.56,1969248.0,44.91,Rural,08-19
498,Himachal Pradesh,2019-08-31,24.48,236315.0,51.17,Urban,08-19
112,Himachal Pradesh,2019-09-30,15.98,2039804.0,45.02,Rural,09-19
499,Himachal Pradesh,2019-09-30,12.0,247210.0,45.87,Urban,09-19
113,Himachal Pradesh,2019-10-31,15.81,1946957.0,42.81,Rural,10-19
500,Himachal Pradesh,2019-10-31,23.77,232322.0,49.69,Urban,10-19
114,Himachal Pradesh,2019-11-30,22.86,2024409.0,48.5,Rural,11-19
501,Himachal Pradesh,2019-11-30,27.27,233029.0,52.17,Urban,11-19
115,Himachal Pradesh,2019-12-31,19.46,1922821.0,44.05,Rural,12-19
502,Himachal Pradesh,2019-12-31,25.32,241366.0,52.55,Urban,12-19
116,Himachal Pradesh,2020-01-31,16.67,2041035.0,45.11,Rural,01-20
503,Himachal Pradesh,2020-01-31,18.15,246596.0,48.92,Urban,01-20
117,Himachal Pradesh,2020-02-29,15.42,1952464.0,42.45,Rural,02-20
504,Himachal Pradesh,2020-02-29,27.31,227804.0,50.82,Urban,02-20
118,Himachal Pradesh,2020-03-31,17.71,1800426.0,40.17,Rural,03-20
505,Himachal Pradesh,2020-03-31,26.44,221432.0,48.74,Urban,03-20
119,Himachal Pradesh,2020-04-30,2.13,984171.0,18.43,Rural,04-20
506,Himachal Pradesh,2020-04-30,2.7,146957.0,24.42,Urban,04-20
120,Himachal Pradesh,2020-05-31,25.64,1732050.0,42.62,Rural,05-20
507,Himachal Pradesh,2020-05-31,50.0,134868.0,43.55,Urban,05-20
121,Himachal Pradesh,2020-06-30,1.12,2230075.0,41.2,Rural,06-20
508,Himachal Pradesh,2020-06-30,10.81,224902.0,40.66,Urban,06-20
122,Jammu & Kashmir,2019-05-31,12.78,2495186.0,40.57,Rural,05-19
509,Jammu & Kashmir,2019-05-31,23.04,1130139.0,46.74,Urban,05-19
123,Jammu & Kashmir,2019-06-30,12.09,2423742.0,39.02,Rural,06-19
510,Jammu & Kashmir,2019-06-30,19.88,1139815.0,45.17,Urban,06-19
124,Jammu & Kashmir,2019-07-31,13.67,2549316.0,41.71,Rural,07-19
511,Jammu & Kashmir,2019-07-31,21.55,1183770.0,47.8,Urban,07-19
125,Jammu & Kashmir,2019-08-31,11.32,2778624.0,44.17,Rural,08-19
126,Jammu & Kashmir,2019-10-31,19.27,2477621.0,43.08,Rural,10-19
512,Jammu & Kashmir,2019-10-31,24.06,1029087.0,42.63,Urban,10-19
127,Jammu & Kashmir,2019-11-30,14.73,2415724.0,39.69,Rural,11-19
513,Jammu & Kashmir,2019-11-30,14.29,1226793.0,44.92,Urban,11-19
514,Jammu & Kashmir,2019-12-31,7.02,1209085.0,40.71,Urban,12-19
128,Jammu & Kashmir,2020-01-31,22.19,2373488.0,42.56,Rural,01-20
515,Jammu & Kashmir,2020-01-31,18.54,1079537.0,41.4,Urban,01-20
129,Jammu & Kashmir,2020-02-29,21.23,2163397.0,38.25,Rural,02-20
516,Jammu & Kashmir,2020-02-29,19.86,1060116.0,41.23,Urban,02-20
130,Jammu & Kashmir,2020-03-31,16.0,2361004.0,39.06,Rural,03-20
517,Jammu & Kashmir,2020-03-31,14.29,998103.0,36.21,Urban,03-20
131,Jammu & Kashmir,2020-05-31,2.22,2716966.0,38.46,Rural,05-20
518,Jammu & Kashmir,2020-05-31,12.96,937435.0,33.33,Urban,05-20
132,Jammu & Kashmir,2020-06-30,18.97,2049617.0,34.94,Rural,06-20
133,Jharkhand,2019-05-31,7.11,7035766.0,39.04,Rural,05-19
519,Jharkhand,2019-05-31,17.23,2404033.0,43.25,Urban,05-19
134,Jharkhand,2019-06-30,8.46,7319782.0,41.12,Rural,06-19
520,Jharkhand,2019-06-30,20.51,2326911.0,43.51,Urban,06-19
135,Jharkhand,2019-07-31,9.98,6958404.0,39.66,Rural,07-19
521,Jharkhand,2019-07-31,15.67,2434579.0,42.82,Urban,07-19
136,Jharkhand,2019-08-31,12.06,7015356.0,40.83,Rural,08-19
522,Jharkhand,2019-08-31,20.25,2335406.0,43.35,Urban,08-19
137,Jharkhand,2019-09-30,7.12,7500122.0,41.24,Rural,09-19
523,Jharkhand,2019-09-30,21.16,2357627.0,44.18,Urban,09-19
138,Jharkhand,2019-10-31,6.57,7761243.0,42.33,Rural,10-19
524,Jharkhand,2019-10-31,19.05,2460196.0,44.82,Urban,10-19
139,Jharkhand,2019-11-30,8.07,7279628.0,40.26,Rural,11-19
525,Jharkhand,2019-11-30,17.34,2424281.0,43.17,Urban,11-19
140,Jharkhand,2019-12-31,15.15,6873437.0,41.09,Rural,12-19
526,Jharkhand,2019-12-31,22.01,2290170.0,43.14,Urban,12-19
141,Jharkhand,2020-01-31,6.16,7868736.0,42.43,Rural,01-20
527,Jharkhand,2020-01-31,22.96,2329293.0,44.33,Urban,01-20
142,Jharkhand,2020-02-29,9.06,7932402.0,44.05,Rural,02-20
528,Jharkhand,2020-02-29,19.67,2493023.0,45.42,Urban,02-20
143,Jharkhand,2020-03-31,5.01,7157454.0,37.96,Rural,03-20
529,Jharkhand,2020-03-31,16.4,2480661.0,43.34,Urban,03-20
144,Jharkhand,2020-04-30,41.72,4280434.0,36.92,Rural,04-20
530,Jharkhand,2020-04-30,61.48,1054829.0,39.92,Urban,04-20
145,Jharkhand,2020-05-31,55.1,3315038.0,37.03,Rural,05-20
531,Jharkhand,2020-05-31,70.17,830347.0,40.49,Urban,05-20
146,Jharkhand,2020-06-30,21.53,6375114.0,40.65,Rural,06-20
532,Jharkhand,2020-06-30,19.38,2244460.0,40.43,Urban,06-20
147,Karnataka,2019-05-31,5.46,13911440.0,46.36,Rural,05-19
533,Karnataka,2019-05-31,6.56,8638239.0,40.62,Urban,05-19
148,Karnataka,2019-06-30,5.98,12888490.0,43.12,Rural,06-19
534,Karnataka,2019-06-30,5.0,8862498.0,40.89,Urban,06-19
149,Karnataka,2019-07-31,0.52,12169808.0,38.42,Rural,07-19
535,Karnataka,2019-07-31,2.29,8738029.0,39.09,Urban,07-19
150,Karnataka,2019-08-31,0.37,12686470.0,39.93,Rural,08-19
536,Karnataka,2019-08-31,1.27,8614340.0,38.04,Urban,08-19
151,Karnataka,2019-09-30,3.2,13741892.0,44.45,Rural,09-19
537,Karnataka,2019-09-30,3.57,8647794.0,39.0,Urban,09-19
152,Karnataka,2019-10-31,7.13,12803527.0,43.1,Rural,10-19
538,Karnataka,2019-10-31,3.87,8799249.0,39.7,Urban,10-19
153,Karnataka,2019-11-30,1.19,11537217.0,36.45,Rural,11-19
539,Karnataka,2019-11-30,3.44,8613835.0,38.6,Urban,11-19
154,Karnataka,2019-12-31,0.41,12756132.0,39.92,Rural,12-19
540,Karnataka,2019-12-31,1.56,8592376.0,37.66,Urban,12-19
155,Karnataka,2020-01-31,2.57,13938874.0,44.52,Rural,01-20
541,Karnataka,2020-01-31,3.31,8749154.0,38.94,Urban,01-20
156,Karnataka,2020-02-29,4.11,12753657.0,41.33,Rural,02-20
542,Karnataka,2020-02-29,2.88,8924061.0,39.45,Urban,02-20
157,Karnataka,2020-03-31,2.39,12853818.0,40.85,Rural,03-20
543,Karnataka,2020-03-31,4.92,9225835.0,41.55,Urban,03-20
158,Karnataka,2020-04-30,33.17,9330400.0,43.25,Rural,04-20
544,Karnataka,2020-04-30,25.12,7387995.0,42.14,Urban,04-20
159,Karnataka,2020-05-31,23.72,10626328.0,43.09,Rural,05-20
545,Karnataka,2020-05-31,15.88,8669258.0,43.9,Urban,05-20
160,Karnataka,2020-06-30,10.92,15396213.0,53.37,Rural,06-20
546,Karnataka,2020-06-30,6.12,8822411.0,39.93,Urban,06-20
161,Kerala,2019-05-31,6.63,5184355.0,38.07,Rural,05-19
547,Kerala,2019-05-31,6.11,4605913.0,36.65,Urban,05-19
162,Kerala,2019-06-30,9.0,5605627.0,42.19,Rural,06-19
548,Kerala,2019-06-30,6.67,4678374.0,37.42,Urban,06-19
163,Kerala,2019-07-31,4.95,4855393.0,34.96,Rural,07-19
549,Kerala,2019-07-31,7.58,4105211.0,33.13,Urban,07-19
164,Kerala,2019-08-31,10.32,5233449.0,39.9,Rural,08-19
550,Kerala,2019-08-31,7.69,4448650.0,35.91,Urban,08-19
165,Kerala,2019-09-30,5.35,5400499.0,38.97,Rural,09-19
551,Kerala,2019-09-30,5.52,4640642.0,36.57,Urban,09-19
166,Kerala,2019-10-31,9.14,5328825.0,40.02,Rural,10-19
552,Kerala,2019-10-31,5.35,4644510.0,36.49,Urban,10-19
167,Kerala,2019-11-30,5.0,4557906.0,32.71,Rural,11-19
553,Kerala,2019-11-30,6.71,4062767.0,32.36,Urban,11-19
168,Kerala,2019-12-31,10.77,5065804.0,38.67,Rural,12-19
554,Kerala,2019-12-31,7.31,4440283.0,35.56,Urban,12-19
169,Kerala,2020-01-31,4.11,5307026.0,37.66,Rural,01-20
555,Kerala,2020-01-31,6.65,4597507.0,36.53,Urban,01-20
170,Kerala,2020-02-29,8.91,5203579.0,38.84,Rural,02-20
556,Kerala,2020-02-29,6.08,4624444.0,36.48,Urban,02-20
171,Kerala,2020-03-31,8.85,4141953.0,30.87,Rural,03-20
557,Kerala,2020-03-31,9.14,4079775.0,33.24,Urban,03-20
172,Kerala,2020-04-30,10.71,1754170.0,13.33,Rural,04-20
558,Kerala,2020-04-30,21.43,2179106.0,20.51,Urban,04-20
173,Kerala,2020-05-31,23.38,3799919.0,33.62,Rural,05-20
559,Kerala,2020-05-31,30.28,2826118.0,29.95,Urban,05-20
174,Kerala,2020-06-30,27.66,3952088.0,37.01,Rural,06-20
560,Kerala,2020-06-30,12.17,4601293.0,38.68,Urban,06-20
175,Madhya Pradesh,2019-05-31,3.63,15349838.0,37.97,Rural,05-19
561,Madhya Pradesh,2019-05-31,3.91,6692720.0,38.96,Urban,05-19
176,Madhya Pradesh,2019-06-30,4.25,16294794.0,40.48,Rural,06-19
562,Madhya Pradesh,2019-06-30,6.38,6509340.0,38.8,Urban,06-19
177,Madhya Pradesh,2019-07-31,3.92,16274707.0,40.2,Rural,07-19
563,Madhya Pradesh,2019-07-31,7.38,6266446.0,37.67,Urban,07-19
178,Madhya Pradesh,2019-08-31,4.94,16559137.0,41.25,Rural,08-19
564,Madhya Pradesh,2019-08-31,6.82,6809834.0,40.6,Urban,08-19
179,Madhya Pradesh,2019-09-30,3.08,16159315.0,39.4,Rural,09-19
565,Madhya Pradesh,2019-09-30,7.0,6655967.0,39.67,Urban,09-19
180,Madhya Pradesh,2019-10-31,2.98,17060638.0,41.46,Rural,10-19
566,Madhya Pradesh,2019-10-31,4.4,6603715.0,38.2,Urban,10-19
181,Madhya Pradesh,2019-11-30,2.72,16306428.0,39.44,Rural,11-19
567,Madhya Pradesh,2019-11-30,6.06,6459457.0,37.94,Urban,11-19
182,Madhya Pradesh,2019-12-31,2.94,16854647.0,40.77,Rural,12-19
568,Madhya Pradesh,2019-12-31,6.2,6787403.0,39.83,Urban,12-19
183,Madhya Pradesh,2020-01-31,3.66,16183702.0,39.35,Rural,01-20
569,Madhya Pradesh,2020-01-31,5.17,6834930.0,39.59,Urban,01-20
184,Madhya Pradesh,2020-02-29,4.42,16178044.0,39.57,Rural,02-20
570,Madhya Pradesh,2020-02-29,4.96,6533435.0,37.68,Urban,02-20
185,Madhya Pradesh,2020-03-31,1.19,16480441.0,38.9,Rural,03-20
571,Madhya Pradesh,2020-03-31,4.8,6386723.0,36.68,Urban,03-20
186,Madhya Pradesh,2020-04-30,12.5,14238959.0,37.88,Rural,04-20
572,Madhya Pradesh,2020-04-30,11.94,4802873.0,29.76,Urban,04-20
187,Madhya Pradesh,2020-05-31,22.46,13099601.0,39.24,Rural,05-20
573,Madhya Pradesh,2020-05-31,40.49,3879934.0,35.49,Urban,05-20
188,Madhya Pradesh,2020-06-30,6.46,16748971.0,41.5,Rural,06-20
574,Madhya Pradesh,2020-06-30,12.72,6221562.0,38.72,Urban,06-20
189,Maharashtra,2019-05-31,3.67,23896858.0,47.11,Rural,05-19
575,Maharashtra,2019-05-31,6.08,16962574.0,38.3,Urban,05-19
190,Maharashtra,2019-06-30,4.34,23056511.0,45.69,Rural,06-19
576,Maharashtra,2019-06-30,6.46,17375053.0,39.3,Urban,06-19
191,Maharashtra,2019-07-31,3.66,24843750.0,48.8,Rural,07-19
577,Maharashtra,2019-07-31,6.35,17215677.0,38.81,Urban,07-19
192,Maharashtra,2019-08-31,3.76,26835389.0,52.67,Rural,08-19
578,Maharashtra,2019-08-31,7.57,16602767.0,37.84,Urban,08-19
193,Maharashtra,2019-09-30,4.4,25219281.0,49.74,Rural,09-19
579,Maharashtra,2019-09-30,7.6,17396398.0,39.58,Urban,09-19
194,Maharashtra,2019-10-31,3.81,24330249.0,47.61,Rural,10-19
580,Maharashtra,2019-10-31,7.51,17221991.0,39.05,Urban,10-19
195,Maharashtra,2019-11-30,3.68,24881383.0,48.53,Rural,11-19
581,Maharashtra,2019-11-30,7.6,17486683.0,39.61,Urban,11-19
196,Maharashtra,2019-12-31,3.03,26357625.0,50.98,Rural,12-19
582,Maharashtra,2019-12-31,7.83,16581144.0,37.57,Urban,12-19
197,Maharashtra,2020-01-31,3.8,25881398.0,50.36,Rural,01-20
583,Maharashtra,2020-01-31,6.67,16715470.0,37.32,Urban,01-20
198,Maharashtra,2020-02-29,4.24,25293535.0,49.36,Rural,02-20
584,Maharashtra,2020-02-29,5.34,17122782.0,37.61,Urban,02-20
199,Maharashtra,2020-03-31,5.38,23130976.0,45.6,Rural,03-20
585,Maharashtra,2020-03-31,6.34,17065830.0,37.8,Urban,03-20
200,Maharashtra,2020-04-30,25.28,15014802.0,37.42,Rural,04-20
586,Maharashtra,2020-04-30,14.99,12674451.0,30.86,Urban,04-20
201,Maharashtra,2020-05-31,16.89,18423447.0,41.21,Rural,05-20
587,Maharashtra,2020-05-31,15.92,12365754.0,30.38,Urban,05-20
202,Maharashtra,2020-06-30,9.4,23601016.0,48.34,Rural,06-20
588,Maharashtra,2020-06-30,10.01,16172690.0,37.04,Urban,06-20
203,Meghalaya,2019-05-31,3.16,1119011.0,66.13,Rural,05-19
589,Meghalaya,2019-05-31,8.4,228978.0,47.79,Urban,05-19
204,Meghalaya,2019-06-30,4.23,1024797.0,61.09,Rural,06-19
590,Meghalaya,2019-06-30,8.66,231252.0,48.29,Urban,06-19
205,Meghalaya,2019-07-31,1.03,1158511.0,66.67,Rural,07-19
591,Meghalaya,2019-07-31,4.43,284015.0,56.55,Urban,07-19
206,Meghalaya,2019-08-31,0.52,1065725.0,60.86,Rural,08-19
592,Meghalaya,2019-08-31,5.8,259433.0,52.27,Urban,08-19
207,Meghalaya,2019-09-30,0.24,1162159.0,66.02,Rural,09-19
593,Meghalaya,2019-09-30,5.3,253887.0,50.77,Urban,09-19
208,Meghalaya,2019-10-31,3.7,1080609.0,63.44,Rural,10-19
594,Meghalaya,2019-10-31,7.2,234375.0,47.71,Urban,10-19
209,Meghalaya,2019-11-30,1.5,1205703.0,69.03,Rural,11-19
595,Meghalaya,2019-11-30,3.02,293431.0,57.02,Urban,11-19
210,Meghalaya,2019-12-31,1.8,1102997.0,63.18,Rural,12-19
596,Meghalaya,2019-12-31,5.21,267417.0,53.04,Urban,12-19
211,Meghalaya,2020-01-31,0.97,1229406.0,69.66,Rural,01-20
597,Meghalaya,2020-01-31,4.76,261687.0,51.53,Urban,01-20
212,Meghalaya,2020-02-29,2.76,1112864.0,64.06,Rural,02-20
598,Meghalaya,2020-02-29,7.37,233965.0,47.26,Urban,02-20
213,Meghalaya,2020-03-31,1.28,1192616.0,67.46,Rural,03-20
599,Meghalaya,2020-03-31,2.8,289735.0,55.64,Urban,03-20
214,Meghalaya,2020-04-30,8.38,803118.0,48.83,Rural,04-20
600,Meghalaya,2020-04-30,17.39,161939.0,36.51,Urban,04-20
215,Meghalaya,2020-05-31,3.73,992148.0,57.26,Rural,05-20
601,Meghalaya,2020-05-31,14.58,222916.0,48.48,Urban,05-20
216,Meghalaya,2020-06-30,1.35,1150200.0,64.63,Rural,06-20
217,Odisha,2019-05-31,4.17,11155753.0,40.47,Rural,05-19
602,Odisha,2019-05-31,2.95,2519582.0,41.26,Urban,05-19
218,Odisha,2019-06-30,4.71,10965154.0,39.94,Rural,06-19
603,Odisha,2019-06-30,2.63,2356290.0,38.39,Urban,06-19
219,Odisha,2019-07-31,3.31,12009883.0,43.05,Rural,07-19
604,Odisha,2019-07-31,1.78,2542237.0,40.99,Urban,07-19
220,Odisha,2019-08-31,3.68,11727659.0,42.13,Rural,08-19
605,Odisha,2019-08-31,3.5,2456983.0,40.25,Urban,08-19
221,Odisha,2019-09-30,4.31,11167715.0,40.32,Rural,09-19
606,Odisha,2019-09-30,3.78,2570663.0,42.15,Urban,09-19
222,Odisha,2019-10-31,4.28,11621534.0,41.88,Rural,10-19
607,Odisha,2019-10-31,4.5,2456855.0,40.51,Urban,10-19
223,Odisha,2019-11-30,4.72,12192623.0,44.06,Rural,11-19
608,Odisha,2019-11-30,2.23,2594469.0,41.71,Urban,11-19
224,Odisha,2019-12-31,4.67,11345069.0,40.91,Rural,12-19
609,Odisha,2019-12-31,3.36,2369048.0,38.46,Urban,12-19
225,Odisha,2020-01-31,1.81,11182128.0,39.09,Rural,01-20
610,Odisha,2020-01-31,2.28,2561320.0,41.05,Urban,01-20
226,Odisha,2020-02-29,3.31,11842655.0,41.98,Rural,02-20
611,Odisha,2020-02-29,2.19,2438080.0,38.97,Urban,02-20
227,Odisha,2020-03-31,15.09,9814156.0,39.55,Rural,03-20
612,Odisha,2020-03-31,3.96,2457952.0,39.93,Urban,03-20
228,Odisha,2020-04-30,24.48,5562449.0,25.16,Rural,04-20
613,Odisha,2020-04-30,20.5,1303244.0,25.53,Urban,04-20
229,Odisha,2020-05-31,9.45,9683719.0,36.48,Rural,05-20
614,Odisha,2020-05-31,10.0,1975481.0,34.12,Urban,05-20
230,Odisha,2020-06-30,4.59,10187145.0,36.36,Rural,06-20
615,Odisha,2020-06-30,2.18,2221069.0,35.24,Urban,06-20
231,Puducherry,2019-05-31,0.0,172474.0,43.08,Rural,05-19
616,Puducherry,2019-05-31,1.25,283905.0,35.71,Urban,05-19
232,Puducherry,2019-06-30,0.0,184527.0,45.95,Rural,06-19
617,Puducherry,2019-06-30,0.0,304369.0,37.73,Urban,06-19
233,Puducherry,2019-07-31,0.0,139227.0,34.56,Rural,07-19
618,Puducherry,2019-07-31,0.0,281117.0,34.77,Urban,07-19
234,Puducherry,2019-08-31,4.85,183930.0,47.83,Rural,08-19
619,Puducherry,2019-08-31,8.95,312882.0,42.41,Urban,08-19
235,Puducherry,2019-09-30,0.0,175718.0,43.34,Rural,09-19
620,Puducherry,2019-09-30,1.22,286573.0,35.73,Urban,09-19
236,Puducherry,2019-10-31,1.18,180283.0,44.85,Rural,10-19
621,Puducherry,2019-10-31,1.17,312548.0,38.86,Urban,10-19
237,Puducherry,2019-11-30,0.0,142787.0,35.0,Rural,11-19
622,Puducherry,2019-11-30,1.37,275003.0,34.19,Urban,11-19
238,Puducherry,2019-12-31,1.99,180808.0,45.07,Rural,12-19
623,Puducherry,2019-12-31,5.21,313135.0,40.42,Urban,12-19
239,Puducherry,2020-01-31,0.58,176252.0,43.18,Rural,01-20
624,Puducherry,2020-01-31,0.57,281698.0,34.59,Urban,01-20
240,Puducherry,2020-02-29,1.74,183619.0,45.38,Rural,02-20
625,Puducherry,2020-02-29,1.78,310342.0,38.5,Urban,02-20
241,Puducherry,2020-03-31,2.31,142176.0,35.23,Rural,03-20
626,Puducherry,2020-03-31,0.62,278851.0,34.12,Urban,03-20
242,Puducherry,2020-04-30,74.51,49420.0,46.79,Rural,04-20
627,Puducherry,2020-04-30,76.74,68122.0,35.54,Urban,04-20
628,Puducherry,2020-05-31,75.0,64538.0,31.25,Urban,05-20
629,Puducherry,2020-06-30,4.55,234926.0,29.73,Urban,06-20
243,Punjab,2019-05-31,9.17,6088547.0,44.79,Rural,05-19
630,Punjab,2019-05-31,13.49,3289918.0,40.03,Urban,05-19
244,Punjab,2019-06-30,12.21,6025235.0,45.79,Rural,06-19
631,Punjab,2019-06-30,13.17,3307798.0,40.02,Urban,06-19
245,Punjab,2019-07-31,9.64,6308129.0,46.5,Rural,07-19
632,Punjab,2019-07-31,11.61,3592442.0,42.62,Urban,07-19
246,Punjab,2019-08-31,6.69,6183427.0,44.08,Rural,08-19
633,Punjab,2019-08-31,11.99,3499863.0,41.61,Urban,08-19
247,Punjab,2019-09-30,8.59,6260971.0,45.49,Rural,09-19
634,Punjab,2019-09-30,15.69,3227178.0,39.97,Urban,09-19
248,Punjab,2019-10-31,12.56,6021921.0,45.66,Rural,10-19
635,Punjab,2019-10-31,13.75,3070438.0,37.1,Urban,10-19
249,Punjab,2019-11-30,7.07,6395022.0,45.55,Rural,11-19
636,Punjab,2019-11-30,10.39,3602243.0,41.82,Urban,11-19
250,Punjab,2019-12-31,6.13,6164215.0,43.4,Rural,12-19
637,Punjab,2019-12-31,11.97,3575778.0,42.17,Urban,12-19
251,Punjab,2020-01-31,9.69,6189471.0,45.22,Rural,01-20
638,Punjab,2020-01-31,13.68,3252622.0,39.04,Urban,01-20
252,Punjab,2020-02-29,10.41,6009820.0,44.19,Rural,02-20
639,Punjab,2020-02-29,11.99,3219227.0,37.82,Urban,02-20
253,Punjab,2020-03-31,10.51,6373692.0,46.85,Rural,03-20
640,Punjab,2020-03-31,9.97,3601793.0,41.29,Urban,03-20
254,Punjab,2020-04-30,3.69,4721590.0,32.2,Rural,04-20
641,Punjab,2020-04-30,1.13,2298975.0,23.95,Urban,04-20
255,Punjab,2020-05-31,40.59,3727366.0,41.14,Rural,05-20
642,Punjab,2020-05-31,20.54,2682658.0,34.71,Urban,05-20
256,Punjab,2020-06-30,20.0,5364047.0,43.9,Rural,06-20
643,Punjab,2020-06-30,10.55,3047750.0,34.96,Urban,06-20
257,Rajasthan,2019-05-31,4.03,15226005.0,38.52,Rural,05-19
644,Rajasthan,2019-05-31,13.62,5108436.0,39.44,Urban,05-19
258,Rajasthan,2019-06-30,13.7,14610564.0,41.02,Rural,06-19
645,Rajasthan,2019-06-30,14.36,5241174.0,40.73,Urban,06-19
259,Rajasthan,2019-07-31,9.7,14859873.0,39.78,Rural,07-19
646,Rajasthan,2019-07-31,11.67,5372470.0,40.38,Urban,07-19
260,Rajasthan,2019-08-31,12.5,15052051.0,41.48,Rural,08-19
647,Rajasthan,2019-08-31,14.71,5195170.0,40.34,Urban,08-19
261,Rajasthan,2019-09-30,5.45,15419779.0,39.24,Rural,09-19
648,Rajasthan,2019-09-30,12.63,5176819.0,39.15,Urban,09-19
262,Rajasthan,2019-10-31,14.66,15178544.0,42.69,Rural,10-19
649,Rajasthan,2019-10-31,13.02,5384335.0,40.8,Urban,10-19
263,Rajasthan,2019-11-30,10.47,15278556.0,40.87,Rural,11-19
650,Rajasthan,2019-11-30,14.3,5306715.0,40.73,Urban,11-19
264,Rajasthan,2019-12-31,13.96,15485307.0,43.0,Rural,12-19
651,Rajasthan,2019-12-31,18.04,5109481.0,40.9,Urban,12-19
265,Rajasthan,2020-01-31,8.0,15484353.0,40.12,Rural,01-20
652,Rajasthan,2020-01-31,18.82,5157363.0,41.59,Urban,01-20
266,Rajasthan,2020-02-29,14.48,15040572.0,41.83,Rural,02-20
653,Rajasthan,2020-02-29,17.02,5288343.0,41.62,Urban,02-20
267,Rajasthan,2020-03-31,9.47,15059769.0,39.47,Rural,03-20
654,Rajasthan,2020-03-31,18.54,4964911.0,39.71,Urban,03-20
268,Rajasthan,2020-04-30,12.25,13051219.0,35.21,Rural,04-20
655,Rajasthan,2020-04-30,35.53,2932923.0,29.57,Urban,04-20
269,Rajasthan,2020-05-31,10.45,15586833.0,41.11,Rural,05-20
656,Rajasthan,2020-05-31,25.35,4225486.0,36.71,Urban,05-20
270,Rajasthan,2020-06-30,13.86,16076978.0,43.98,Rural,06-20
657,Rajasthan,2020-06-30,13.04,5275784.0,39.26,Urban,06-20
658,Sikkim,2019-05-31,8.2,89587.0,48.61,Urban,05-19
659,Sikkim,2019-06-30,7.76,89702.0,48.13,Urban,06-19
660,Sikkim,2019-07-31,2.56,108334.0,54.67,Urban,07-19
661,Sikkim,2019-08-31,4.82,90850.0,46.63,Urban,08-19
662,Sikkim,2019-09-30,4.81,89450.0,45.61,Urban,09-19
271,Sikkim,2019-10-31,5.48,146688.0,44.06,Rural,10-19
663,Sikkim,2019-10-31,9.68,87974.0,46.97,Urban,10-19
272,Sikkim,2019-11-30,13.11,162426.0,53.04,Rural,11-19
664,Sikkim,2019-11-30,4.04,107751.0,53.8,Urban,11-19
273,Sikkim,2019-12-31,1.0,161647.0,46.3,Rural,12-19
665,Sikkim,2019-12-31,7.37,88035.0,45.24,Urban,12-19
666,Sikkim,2020-03-31,20.45,86186.0,50.57,Urban,03-20
274,Sikkim,2020-04-30,0.0,133399.0,37.72,Rural,04-20
667,Sikkim,2020-04-30,5.77,81905.0,40.31,Urban,04-20
668,Sikkim,2020-05-31,19.75,75456.0,43.32,Urban,05-20
275,Sikkim,2020-06-30,5.81,141313.0,42.36,Rural,06-20
669,Sikkim,2020-06-30,2.63,76269.0,35.85,Urban,06-20
276,Tamil Nadu,2019-05-31,0.97,15844698.0,49.44,Rural,05-19
670,Tamil Nadu,2019-05-31,0.89,11798080.0,37.31,Urban,05-19
277,Tamil Nadu,2019-06-30,0.92,16375303.0,50.99,Rural,06-19
671,Tamil Nadu,2019-06-30,1.56,12318745.0,39.16,Urban,06-19
278,Tamil Nadu,2019-07-31,6.01,16455928.0,53.94,Rural,07-19
672,Tamil Nadu,2019-07-31,3.18,12054414.0,38.89,Urban,07-19
279,Tamil Nadu,2019-08-31,2.91,16463931.0,52.17,Rural,08-19
673,Tamil Nadu,2019-08-31,9.53,11933093.0,41.13,Urban,08-19
280,Tamil Nadu,2019-09-30,1.71,14595441.0,45.62,Rural,09-19
674,Tamil Nadu,2019-09-30,1.86,11902824.0,37.76,Urban,09-19
281,Tamil Nadu,2019-10-31,1.46,15595647.0,48.55,Rural,10-19
675,Tamil Nadu,2019-10-31,1.13,12223948.0,38.42,Urban,10-19
282,Tamil Nadu,2019-11-30,2.46,16223430.0,50.95,Rural,11-19
676,Tamil Nadu,2019-11-30,2.65,11729952.0,37.38,Urban,11-19
283,Tamil Nadu,2019-12-31,3.73,15356938.0,48.8,Rural,12-19
677,Tamil Nadu,2019-12-31,8.05,12260389.0,41.29,Urban,12-19
284,Tamil Nadu,2020-01-31,1.18,14954646.0,46.23,Rural,01-20
678,Tamil Nadu,2020-01-31,2.05,11926995.0,37.64,Urban,01-20
285,Tamil Nadu,2020-02-29,1.17,15828488.0,48.86,Rural,02-20
679,Tamil Nadu,2020-02-29,3.31,11742101.0,37.48,Urban,02-20
286,Tamil Nadu,2020-03-31,6.36,15848590.0,51.56,Rural,03-20
680,Tamil Nadu,2020-03-31,6.46,10982178.0,36.17,Urban,03-20
287,Tamil Nadu,2020-04-30,53.19,5086200.0,33.05,Rural,04-20
681,Tamil Nadu,2020-04-30,45.55,4632967.0,26.17,Urban,04-20
288,Tamil Nadu,2020-05-31,38.73,5768342.0,28.6,Rural,05-20
682,Tamil Nadu,2020-05-31,25.95,5733921.0,23.77,Urban,05-20
289,Tamil Nadu,2020-06-30,2.06,10169115.0,31.49,Rural,06-20
683,Tamil Nadu,2020-06-30,24.93,7741005.0,31.6,Urban,06-20
290,Telangana,2019-05-31,2.23,11053353.0,61.74,Rural,05-19
684,Telangana,2019-05-31,1.52,5560649.0,44.59,Urban,05-19
291,Telangana,2019-06-30,5.92,10728822.0,62.19,Rural,06-19
685,Telangana,2019-06-30,1.43,5683349.0,45.43,Urban,06-19
292,Telangana,2019-07-31,2.45,11538688.0,64.4,Rural,07-19
686,Telangana,2019-07-31,3.73,5432503.0,44.36,Urban,07-19
293,Telangana,2019-08-31,1.4,10743959.0,59.23,Rural,08-19
687,Telangana,2019-08-31,4.19,5544693.0,45.39,Urban,08-19
294,Telangana,2019-09-30,5.49,12636415.0,72.57,Rural,09-19
688,Telangana,2019-09-30,6.19,5668785.0,47.28,Urban,09-19
295,Telangana,2019-10-31,7.29,11375354.0,66.49,Rural,10-19
689,Telangana,2019-10-31,6.74,5318341.0,44.51,Urban,10-19
296,Telangana,2019-11-30,6.47,11265828.0,65.17,Rural,11-19
690,Telangana,2019-11-30,5.23,5338119.0,43.87,Urban,11-19
297,Telangana,2019-12-31,1.35,11068056.0,60.61,Rural,12-19
691,Telangana,2019-12-31,4.22,5317782.0,43.13,Urban,12-19
298,Telangana,2020-01-31,5.02,12065915.0,68.51,Rural,01-20
692,Telangana,2020-01-31,6.49,5543380.0,45.95,Urban,01-20
299,Telangana,2020-02-29,9.02,11304474.0,66.92,Rural,02-20
693,Telangana,2020-02-29,6.74,5521496.0,45.78,Urban,02-20
300,Telangana,2020-03-31,5.63,12028377.0,68.53,Rural,03-20
694,Telangana,2020-03-31,6.1,5313236.0,43.65,Urban,03-20
301,Telangana,2020-04-30,4.51,8793799.0,49.44,Rural,04-20
695,Telangana,2020-04-30,10.5,3378431.0,29.05,Urban,04-20
302,Telangana,2020-05-31,34.01,7508747.0,61.0,Rural,05-20
696,Telangana,2020-05-31,36.57,3108830.0,37.63,Urban,05-20
303,Telangana,2020-06-30,19.3,8891181.0,58.97,Rural,06-20
697,Telangana,2020-06-30,6.92,4577995.0,37.68,Urban,06-20
304,Tripura,2019-05-31,29.25,1019549.0,64.47,Rural,05-19
698,Tripura,2019-05-31,34.69,423127.0,69.5,Urban,05-19
305,Tripura,2019-06-30,26.64,1107013.0,67.4,Rural,06-19
699,Tripura,2019-06-30,25.59,408738.0,58.8,Urban,06-19
306,Tripura,2019-07-31,22.47,1052597.0,60.54,Rural,07-19
700,Tripura,2019-07-31,25.81,410583.0,59.1,Urban,07-19
307,Tripura,2019-08-31,25.49,975501.0,58.29,Rural,08-19
701,Tripura,2019-08-31,33.45,368977.0,59.07,Urban,08-19
308,Tripura,2019-09-30,30.23,1034408.0,65.9,Rural,09-19
702,Tripura,2019-09-30,33.57,418043.0,66.9,Urban,09-19
309,Tripura,2019-10-31,27.54,1113764.0,68.21,Rural,10-19
703,Tripura,2019-10-31,26.67,414808.0,60.0,Urban,10-19
310,Tripura,2019-11-30,25.25,1084633.0,64.29,Rural,11-19
704,Tripura,2019-11-30,27.15,427700.0,62.14,Urban,11-19
311,Tripura,2019-12-31,26.53,1046878.0,63.02,Rural,12-19
705,Tripura,2019-12-31,33.48,399427.0,63.41,Urban,12-19
312,Tripura,2020-01-31,31.91,1057975.0,68.61,Rural,01-20
706,Tripura,2020-01-31,34.37,450155.0,72.26,Urban,01-20
313,Tripura,2020-02-29,26.22,1169347.0,69.88,Rural,02-20
707,Tripura,2020-02-29,33.88,415339.0,66.04,Urban,02-20
314,Tripura,2020-03-31,31.61,1060946.0,68.28,Rural,03-20
708,Tripura,2020-03-31,25.69,450271.0,63.56,Urban,03-20
315,Tripura,2020-04-30,43.64,675083.0,52.63,Rural,04-20
709,Tripura,2020-04-30,34.88,296431.0,47.65,Urban,04-20
316,Tripura,2020-05-31,14.71,911789.0,46.9,Rural,05-20
710,Tripura,2020-05-31,16.78,384999.0,48.31,Urban,05-20
317,Tripura,2020-06-30,18.84,1106978.0,59.74,Rural,06-20
711,Tripura,2020-06-30,27.47,391015.0,56.17,Urban,06-20
318,Uttar Pradesh,2019-05-31,10.26,43287808.0,39.96,Rural,05-19
712,Uttar Pradesh,2019-05-31,14.4,13391244.0,40.43,Urban,05-19
319,Uttar Pradesh,2019-06-30,11.13,42276572.0,39.32,Rural,06-19
713,Uttar Pradesh,2019-06-30,11.62,13624452.0,39.75,Urban,06-19
320,Uttar Pradesh,2019-07-31,9.19,42697000.0,38.78,Rural,07-19
714,Uttar Pradesh,2019-07-31,11.8,13862431.0,40.43,Urban,07-19
321,Uttar Pradesh,2019-08-31,11.47,43298746.0,40.24,Rural,08-19
715,Uttar Pradesh,2019-08-31,14.73,13580241.0,40.87,Urban,08-19
322,Uttar Pradesh,2019-09-30,6.45,44198762.0,38.79,Rural,09-19
716,Uttar Pradesh,2019-09-30,13.58,13522970.0,40.07,Urban,09-19
323,Uttar Pradesh,2019-10-31,10.18,42833265.0,39.07,Rural,10-19
717,Uttar Pradesh,2019-10-31,10.35,13938303.0,39.71,Urban,10-19
324,Uttar Pradesh,2019-11-30,6.94,43261530.0,38.01,Rural,11-19
718,Uttar Pradesh,2019-11-30,11.31,14128888.0,40.6,Urban,11-19
325,Uttar Pradesh,2019-12-31,8.43,44640087.0,39.77,Rural,12-19
719,Uttar Pradesh,2019-12-31,12.37,13857200.0,40.21,Urban,12-19
326,Uttar Pradesh,2020-01-31,6.06,45777509.0,39.67,Rural,01-20
720,Uttar Pradesh,2020-01-31,12.34,13656250.0,39.52,Urban,01-20
327,Uttar Pradesh,2020-02-29,8.12,44257432.0,39.13,Rural,02-20
721,Uttar Pradesh,2020-02-29,11.65,13803099.0,39.54,Urban,02-20
328,Uttar Pradesh,2020-03-31,9.37,43086706.0,38.53,Rural,03-20
722,Uttar Pradesh,2020-03-31,12.32,13889632.0,40.0,Urban,03-20
329,Uttar Pradesh,2020-04-30,19.92,39970677.0,40.37,Rural,04-20
723,Uttar Pradesh,2020-04-30,26.94,10944379.0,37.74,Urban,04-20
330,Uttar Pradesh,2020-05-31,16.89,38640999.0,37.52,Rural,05-20
724,Uttar Pradesh,2020-05-31,32.06,11111486.0,41.1,Urban,05-20
331,Uttar Pradesh,2020-06-30,8.51,41908909.0,36.89,Rural,06-20
725,Uttar Pradesh,2020-06-30,13.05,13208724.0,38.09,Urban,06-20
332,Uttarakhand,2019-05-31,1.63,2108044.0,37.47,Rural,05-19
726,Uttarakhand,2019-05-31,9.17,676797.0,26.33,Urban,05-19
333,Uttarakhand,2019-06-30,4.65,2021553.0,37.01,Rural,06-19
727,Uttarakhand,2019-06-30,4.69,906889.0,33.54,Urban,06-19
334,Uttarakhand,2019-07-31,5.74,2000524.0,36.97,Rural,07-19
728,Uttarakhand,2019-07-31,6.94,859900.0,32.48,Urban,07-19
335,Uttarakhand,2019-08-31,6.11,1911380.0,35.39,Rural,08-19
729,Uttarakhand,2019-08-31,7.43,823967.0,31.21,Urban,08-19
336,Uttarakhand,2019-09-30,3.47,2157845.0,38.79,Rural,09-19
730,Uttarakhand,2019-09-30,9.62,711150.0,27.51,Urban,09-19
337,Uttarakhand,2019-10-31,4.83,2027662.0,36.9,Rural,10-19
731,Uttarakhand,2019-10-31,4.72,925174.0,33.87,Urban,10-19
338,Uttarakhand,2019-11-30,5.56,2007113.0,36.73,Rural,11-19
732,Uttarakhand,2019-11-30,6.34,904903.0,33.61,Urban,11-19
339,Uttarakhand,2019-12-31,4.52,1947566.0,35.19,Rural,12-19
733,Uttarakhand,2019-12-31,7.39,844779.0,31.65,Urban,12-19
340,Uttarakhand,2020-01-31,4.17,1986386.0,35.69,Rural,01-20
734,Uttarakhand,2020-01-31,8.92,725253.0,27.55,Urban,01-20
341,Uttarakhand,2020-02-29,4.85,2057523.0,37.16,Rural,02-20
735,Uttarakhand,2020-02-29,5.28,963408.0,35.11,Urban,02-20
736,Uttarakhand,2020-03-31,8.15,889245.0,33.33,Urban,03-20
342,Uttarakhand,2020-04-30,3.66,1972074.0,35.04,Rural,04-20
737,Uttarakhand,2020-04-30,13.18,748041.0,29.59,Urban,04-20
343,Uttarakhand,2020-05-31,3.57,1915482.0,33.94,Rural,05-20
738,Uttarakhand,2020-05-31,17.36,778590.0,32.27,Urban,05-20
344,Uttarakhand,2020-06-30,10.71,1675441.0,32.0,Rural,06-20
739,Uttarakhand,2020-06-30,5.08,989470.0,35.61,Urban,06-20
345,West Bengal,2019-05-31,6.02,23452875.0,46.41,Rural,05-19
740,West Bengal,2019-05-31,7.25,11306177.0,46.37,Urban,05-19
346,West Bengal,2019-06-30,5.85,25543465.0,50.36,Rural,06-19
741,West Bengal,2019-06-30,7.38,10611498.0,43.51,Urban,06-19
347,West Bengal,2019-07-31,5.62,24857807.0,48.78,Rural,07-19
742,West Bengal,2019-07-31,7.91,10779829.0,44.38,Urban,07-19
348,West Bengal,2019-08-31,5.58,24924827.0,48.79,Rural,08-19
743,West Bengal,2019-08-31,7.27,11456493.0,46.77,Urban,08-19
349,West Bengal,2019-09-30,5.26,25610773.0,49.87,Rural,09-19
744,West Bengal,2019-09-30,7.79,11158649.0,45.74,Urban,09-19
350,West Bengal,2019-10-31,6.78,24353018.0,48.09,Rural,10-19
745,West Bengal,2019-10-31,7.83,10563686.0,43.25,Urban,10-19
351,West Bengal,2019-11-30,5.83,25630359.0,50.0,Rural,11-19
746,West Bengal,2019-11-30,6.61,10768462.0,43.44,Urban,11-19
352,West Bengal,2019-12-31,5.79,24906239.0,48.47,Rural,12-19
747,West Bengal,2019-12-31,7.24,11335696.0,45.97,Urban,12-19
353,West Bengal,2020-01-31,6.79,24612171.0,48.3,Rural,01-20
748,West Bengal,2020-01-31,7.27,11208617.0,45.39,Urban,01-20
354,West Bengal,2020-02-29,3.78,26093009.0,49.51,Rural,02-20
749,West Bengal,2020-02-29,7.55,10871168.0,44.09,Urban,02-20
355,West Bengal,2020-03-31,7.02,25097812.0,49.18,Rural,03-20
750,West Bengal,2020-03-31,6.67,10806105.0,43.34,Urban,03-20
356,West Bengal,2020-04-30,18.32,17639370.0,39.27,Rural,04-20
751,West Bengal,2020-04-30,15.63,9299466.0,41.2,Urban,04-20
357,West Bengal,2020-05-31,18.43,19115772.0,42.53,Rural,05-20
752,West Bengal,2020-05-31,15.22,9240903.0,40.67,Urban,05-20
358,West Bengal,2020-06-30,4.94,21225887.0,40.44,Rural,06-20
753,West Bengal,2020-06-30,9.86,9088931.0,37.57,Urban,06-20
